metadata.title,links.doi,metadata.license.id,stats.unique_downloads,stats.downloads,stats.views,topic_id,topic
Webis-Web-Archive-17,https://doi.org/10.5281/zenodo.1002204,CC-BY-SA-4.0,48193,75630,473,0,"data, social"
Gold standard for tractogram io testing,https://doi.org/10.5281/zenodo.2651349,CC-BY-4.0,31474,151443,9,2,"images, data"
Corpus Linguistic Analysis of the BMSatire Descriptions corpus,https://doi.org/10.5281/zenodo.3245017,CC-BY-NC-SA-4.0,22026,35018,101,10,"corpus, dataset"
The Ryerson Audio-Visual Database of Emotional Speech and Song (RAVDESS),https://doi.org/10.5281/zenodo.1188976,CC-BY-NC-SA-4.0,18824,202785,61412,7,"dataset, tut"
Bacterial training dataset for Galaxy training network tutorials on Genome assembly,https://doi.org/10.5281/zenodo.582600,CC-BY-4.0,18679,30415,10395,9,"training, data"
LUNA16 Part 1/2,https://doi.org/10.5281/zenodo.2604219,CC-BY-4.0,18549,323522,8737,3,"luna16, tomcat"
Hacker News Curated Comments Dataset,https://doi.org/10.5281/zenodo.45901,CC0-1.0,16877,22417,7394,10,"corpus, dataset"
Training data for ChIP-seq data analysis (Galaxy Training Material): Identification of the binding sites of the Estrogen receptor,https://doi.org/10.5281/zenodo.892432,CC-BY-4.0,16080,35139,4029,9,"training, data"
UrbanSound8K,https://doi.org/10.5281/zenodo.1203745,CC-BY-NC-4.0,15629,47946,1033,3,"luna16, tomcat"
Reference-based RNA-seq data analysis (training data),https://doi.org/10.5281/zenodo.1185122,CC-BY-4.0,12860,31873,11938,9,"training, data"
Test dataset for ProteinID,https://doi.org/10.5281/zenodo.892005,CC-BY-4.0,11638,17593,4080,1,"dataset, data"
Abstracts from the Digital Humanities Conference 2005-2018,https://doi.org/10.5281/zenodo.1403230,CC-BY-NC-4.0,10844,16047,57,10,"corpus, dataset"
Topical alignment in online social systems,https://doi.org/10.5281/zenodo.833390,CC-BY-4.0,9395,13219,34,10,"corpus, dataset"
"Application Domain of 5,000 GitHub Repositories",https://doi.org/10.5281/zenodo.804474,CC-BY-4.0,8894,9958,887,0,"data, social"
Silva taxonomic training data formatted for DADA2 (Silva version 132),https://doi.org/10.5281/zenodo.1172783,other-nc,8543,15469,14255,0,"data, social"
Sample datasets for Galaxy NGS tutorial,https://doi.org/10.5281/zenodo.583613,CC-BY-4.0,7947,13070,160,9,"training, data"
Aurorasaurus Real-Time Citizen Science Aurora Data,https://doi.org/10.5281/zenodo.1255196,CC-BY-NC-4.0,7789,10804,306,1,"dataset, data"
Imbalanced dataset for benchmarking,https://doi.org/10.5281/zenodo.61452,ODbL-1.0,7567,9524,857,1,"dataset, data"
"TAU Urban Acoustic Scenes 2019, Development dataset",https://doi.org/10.5281/zenodo.2589280,other-nc,7484,57335,3421,7,"dataset, tut"
Training data for 'Mapping-by-sequencing' tutorial (Galaxy Training Material),https://doi.org/10.5281/zenodo.1098034,CC-BY-4.0,7154,9506,4086,9,"training, data"
ConceptNet Vector Ensemble 16.04 input data,https://doi.org/10.5281/zenodo.1208722,CC-BY-SA-4.0,6958,7845,44,1,"dataset, data"
"TUT Urban Acoustic Scenes 2018, Development dataset",https://doi.org/10.5281/zenodo.1228142,other-nc,6847,85091,3835,7,"dataset, tut"
DEMAND: a collection of multi-channel recordings of acoustic noise in diverse environments,https://doi.org/10.5281/zenodo.1227121,CC-BY-4.0,6744,33829,22350,7,"dataset, tut"
Training material for exome sequencing,https://doi.org/10.5281/zenodo.60520,CC-BY-4.0,6521,10913,5793,9,"training, data"
Gemini North GMOS Dataset,https://doi.org/10.5281/zenodo.1481190,CC-BY-4.0,6504,9777,12,1,"dataset, data"
VOT19 Challenge RGBD,https://doi.org/10.5281/zenodo.2640900,CC-BY-4.0,6329,327498,60,3,"luna16, tomcat"
UrbanSound,https://doi.org/10.5281/zenodo.1206938,CC-BY-NC-4.0,6129,18804,73,3,"luna16, tomcat"
iView images with field movement,https://doi.org/10.5281/zenodo.3523513,AGPL-3.0,5007,7100,2,3,"luna16, tomcat"
TripAdvisor Hotel Review Dataset,https://doi.org/10.5281/zenodo.1219899,CC-BY-NC-4.0,4602,5508,4024,1,"dataset, data"
"TUT Rare sound events, Development dataset",https://doi.org/10.5281/zenodo.401395,other-nc,4588,37883,2334,7,"dataset, tut"
LUNA16 Part 2/2,https://doi.org/10.5281/zenodo.2596479,CC-BY-4.0,4291,61766,3600,3,"luna16, tomcat"
Look Up Tables for removing background atmospherical signal in visible satellite imagery,https://doi.org/10.5281/zenodo.1288441,CC-BY-4.0,4239,17909,65,4,"data, time"
Human and Machine Judgements for Russian Semantic Relatedness,https://doi.org/10.5281/zenodo.163857,CC-BY-4.0,4209,4558,191,10,"corpus, dataset"
"TUT Acoustic scenes 2017, Development dataset",https://doi.org/10.5281/zenodo.400515,other-nc,4120,20887,11882,7,"dataset, tut"
A Corpus of Modern Burmese,https://doi.org/10.5281/zenodo.1202324,CC-BY-4.0,4013,4548,210,10,"corpus, dataset"
Training material for Genome Annotation,https://doi.org/10.5281/zenodo.1250793,CC-BY-4.0,4009,4206,3686,9,"training, data"
NGI related Reddit comments dataset - With unzipped monthly files,https://doi.org/10.5281/zenodo.2575330,CC-BY-4.0,3974,5260,51,1,"dataset, data"
CuffDiff SQLite database,https://doi.org/10.5281/zenodo.1001880,CC-BY-4.0,3935,4138,4023,1,"dataset, data"
High quality white matter reference tracts,https://doi.org/10.5281/zenodo.1477956,CC-BY-NC-4.0,3858,32712,2029,2,"images, data"
"Daten zu ""Einfluss von Informationskompetenz-Veranstaltungen auf die Qualität von Masterarbeiten""",https://doi.org/10.5281/zenodo.45772,CC0-1.0,3844,3951,65,5,"open, data"
The Japanese Female Facial Expression (JAFFE) Database,https://doi.org/10.5281/zenodo.3451524,other-at,3763,5633,12164,3,"luna16, tomcat"
Example BAM file for Galaxy Visualization Development Tutorial,https://doi.org/10.5281/zenodo.248730,CC-BY-4.0,3730,3892,25,9,"training, data"
On the Popularity of Modern Open Source Software,https://doi.org/10.5281/zenodo.1183752,CC-BY-4.0,3709,4231,160,5,"open, data"
energyso,https://doi.org/10.5281/zenodo.322473,CC-BY-4.0,3703,4595,16,3,"luna16, tomcat"
FSDKaggle2018,https://doi.org/10.5281/zenodo.2552860,other-at,3581,26547,5648,3,"luna16, tomcat"
Aberystwyth Leaf Evaluation Dataset,https://doi.org/10.5281/zenodo.168158,CC-BY-4.0,3534,6528,5214,1,"dataset, data"
ChokePoint Dataset,https://doi.org/10.5281/zenodo.815657,CC-BY-NC-4.0,3502,15656,276,1,"dataset, data"
"Supplementary material accompanying ""Factoring lexical and phonetic phylogenetic characters from word lists""",https://doi.org/10.5281/zenodo.31987,CC-BY-4.0,3414,3631,35,10,"corpus, dataset"
eROSA bibliometric study 2017,https://doi.org/10.5281/zenodo.820809,CC-BY-4.0,3401,4509,404,5,"open, data"
A dataset for temporal analysis of files related to the JFK case,https://doi.org/10.5281/zenodo.1098568,CC-BY-4.0,3341,3704,220,1,"dataset, data"
Mothur MiSeq SOP Galaxy Tutorial Data,https://doi.org/10.5281/zenodo.800651,CC-BY-4.0,3338,62004,6295,9,"training, data"
Fruit Recognition dataset,https://doi.org/10.5281/zenodo.1310165,CC-BY-4.0,3266,16159,4373,1,"dataset, data"
"DCASE 2018, Task 5: Monitoring of domestic activities based on multi-channel acoustics - Development dataset",https://doi.org/10.5281/zenodo.1247102,CC-BY-NC-4.0,3209,21544,2527,7,"dataset, tut"
Textual groups data,https://doi.org/10.5281/zenodo.1134762,CC-BY-4.0,3172,5692,50,10,"corpus, dataset"
Training material for RNA sequencing,https://doi.org/10.5281/zenodo.61771,CC-BY-4.0,3110,5213,8634,9,"training, data"
Demo measurement using DIAPASON and Sentinel-1 after the 14 November 2016 earthquake in New Zealand,https://doi.org/10.5281/zenodo.167728,CC-BY-4.0,3066,6478,45,6,"landslides, landslides space"
Hit Song Prediction (Million Song Dataset and Audio Features),https://doi.org/10.5281/zenodo.3258042,CC-BY-4.0,3062,4434,406,7,"dataset, tut"
Demo measurement using DIAPASON and Sentinel-1 after the 14 November 2016 earthquake in New Zealand,https://doi.org/10.5281/zenodo.167752,CC-BY-4.0,3020,3389,17,6,"landslides, landslides space"
ရှေးဟောင်းမြန်မာကျောက်စာများ (Ancient Burmese Inscriptions ),https://doi.org/10.5281/zenodo.1203687,CC-BY-4.0,3020,3959,337,3,"luna16, tomcat"
VidTIMIT Audio-Video Dataset,https://doi.org/10.5281/zenodo.158963,CC-BY-NC-ND-4.0,3018,22515,162,7,"dataset, tut"
Absorption and Fluorescence spectra of Rhodamine 6G,https://doi.org/10.5281/zenodo.569817,CC-BY-4.0,2981,3419,650,4,"data, time"
Learning Aerial Image Segmentation From Online Maps,https://doi.org/10.1109/TGRS.2017.2719738,CC-BY-4.0,2955,17383,5040,0,"data, social"
MIMII Dataset: Sound Dataset for Malfunctioning Industrial Machine Investigation and Inspection,https://doi.org/10.5281/zenodo.3384388,CC-BY-SA-4.0,2912,19592,9095,7,"dataset, tut"
"im2latex-100k ,  arXiv:1609.04938",https://doi.org/10.5281/zenodo.56198,CC0-1.0,2899,12485,8775,3,"luna16, tomcat"
Hubble STIS FUV Dataset,https://doi.org/10.5281/zenodo.1481192,CC-BY-4.0,2858,3532,15,1,"dataset, data"
Hubble COS FUV Dataset,https://doi.org/10.5281/zenodo.1481119,CC-BY-4.0,2857,3526,13,1,"dataset, data"
Hubble STIS CCD Dataset,https://doi.org/10.5281/zenodo.1481183,CC-BY-4.0,2849,3532,13,1,"dataset, data"
Data for blockclust tutorial,https://doi.org/10.5281/zenodo.2172221,CC-BY-4.0,2848,2949,20,1,"dataset, data"
Hubble STIS NUV Dataset,https://doi.org/10.5281/zenodo.1481185,CC-BY-4.0,2843,3530,11,1,"dataset, data"
IRMAS: a dataset for instrument recognition in musical audio signals,https://doi.org/10.5281/zenodo.1290750,CC-BY-NC-SA-4.0,2841,11719,4388,7,"dataset, tut"
Hubble COS NUV Dataset,https://doi.org/10.5281/zenodo.1481181,CC-BY-4.0,2839,3539,13,1,"dataset, data"
Analysis of correlation-based biomolecular networks from different omics data by fitting stochastic block models,https://doi.org/10.5281/zenodo.3363060,CC-BY-4.0,2819,3484,5067,8,"model files, files"
#elxn42 tweets (42nd Canadian Federal Election),https://doi.org/10.5281/zenodo.55889,CC-BY-4.0,2740,3334,28,10,"corpus, dataset"
"TUT Acoustic scenes 2016, Development dataset",https://doi.org/10.5281/zenodo.45739,other-nc,2724,12198,4878,7,"dataset, tut"
Rotation Equivariant CNNs for Digital Pathology,https://doi.org/10.1007/978-3-030-00934-2_24,MIT,2656,9269,2056,2,"images, data"
An Exploratory Study on Faults in Web API Integration in a Large-Scale Payment Company: Appendix,https://doi.org/10.5281/zenodo.1035151,CC-BY-4.0,2425,2522,31,5,"open, data"
WS-DREAM Datasets,https://doi.org/10.5281/zenodo.1133476,CC-BY-SA-4.0,2357,4063,85,1,"dataset, data"
RDP taxonomic training data formatted for DADA2 (RDP trainset 16/release 11.5),https://doi.org/10.5281/zenodo.801828,CC-BY-4.0,2324,3816,5119,0,"data, social"
"Histological images for MSI vs. MSS classification in gastrointestinal cancer, FFPE samples",https://doi.org/10.5281/zenodo.2530835,CC-BY-4.0,2320,30899,1661,2,"images, data"
Survey on Internet attitudes,https://doi.org/10.5281/zenodo.1294040,CC-BY-NC-ND-4.0,2262,2882,167,10,"corpus, dataset"
"Données de base de l'étude ""Les femmes politiques dans la presse: mythèmes, biographèmes et archétype""",https://doi.org/10.5281/zenodo.11388,CC0-1.0,2254,2335,25,10,"corpus, dataset"
Extract from the Berlin State Library's Main Catalog,https://doi.org/10.5281/zenodo.2590752,CC-BY-4.0,2253,2525,181,10,"corpus, dataset"
ToyADMOS dataset,https://doi.org/10.5281/zenodo.3351307,other-nc,2248,8983,1335,1,"dataset, data"
Risk factors of typhoid infection in the Indonesian archipelago,https://doi.org/10.5281/zenodo.53987,CC0-1.0,2192,2566,52,11,"database, methylseq_2017"
Appendix 2 Self-medication study questionnaire,https://doi.org/10.5281/zenodo.822215,CC-BY-4.0,2131,2390,67,11,"database, methylseq_2017"
Monaco to TRF comparison,https://doi.org/10.5281/zenodo.3590421,Apache-2.0,2066,2365,5,5,"open, data"
"Development, evaluation and application of NicheNet: datasets",https://doi.org/10.5281/zenodo.3260758,CC-BY-4.0,2037,8356,387,0,"data, social"
Photovoltaic time series for European countries and different system configurations,https://doi.org/10.5281/zenodo.2613651,CC-BY-4.0,2000,2767,2898,4,"data, time"
"Galaxy Training Date  for ""Analyses of metagenomic data - The global picture""",https://doi.org/10.5281/zenodo.815875,CC-BY-4.0,2000,3932,11522,9,"training, data"
Optical spectroscopy supporting Chandra observations of Herbig AeBe stars,https://doi.org/10.5281/zenodo.2656720,CC-BY-4.0,1986,2427,2,4,"data, time"
Multi-organ Abdominal CT Reference Standard Segmentations,https://doi.org/10.5281/zenodo.1169361,CC-BY-4.0,1976,2780,4448,2,"images, data"
"MAJA look-up tables for Sentinel-2 A&B, Venus and Landsat-8 sensors, for default continental model",https://doi.org/10.5281/zenodo.3368623,CC-BY-4.0,1931,3955,9,4,"data, time"
"Data and code for Nettle and Frankenhuis, 'The evolution of life history theory'",https://doi.org/10.5281/zenodo.2579113,CC-BY-4.0,1918,2503,81,0,"data, social"
Contemporary phenotypic change in plant quantitative traits,https://doi.org/10.5281/zenodo.3251128,CC-BY-4.0,1864,3715,123,0,"data, social"
A dataset of neonatal EEG recordings with seizures annotations,https://doi.org/10.5281/zenodo.2547147,CC-BY-4.0,1828,16146,2233,1,"dataset, data"
RAM Legacy Stock Assessment Database v4.44,https://doi.org/10.5281/zenodo.2542919,CC-BY-4.0,1821,4576,6562,1,"dataset, data"
The Single-Cell Pathology Landscape of Breast Cancer,https://doi.org/10.5281/zenodo.3518284,CC-BY-1.0,1797,27113,843,2,"images, data"
"TUT Urban Acoustic Scenes 2018 Mobile, Development dataset",https://doi.org/10.5281/zenodo.1228235,other-nc,1774,17472,1130,7,"dataset, tut"
High-spatial-resolution monthly precipitation dataset over China during 1901–2017,https://doi.org/10.5281/zenodo.3114194,CC-BY-4.0,1752,35629,1355,4,"data, time"
Data from: Tracking the popularity and outcomes of all bioRxiv preprints,https://doi.org/10.5281/zenodo.2603083,CC0-1.0,1745,2157,174,11,"database, methylseq_2017"
"TAU Spatial Sound Events 2019 - Ambisonic and Microphone Array, Development Datasets",https://doi.org/10.5281/zenodo.2599196,other-nc,1737,6969,1785,7,"dataset, tut"
"100,000 histological images of human colorectal cancer and healthy tissue",https://doi.org/10.5281/zenodo.1214456,CC-BY-4.0,1704,5929,3603,2,"images, data"
"TUT Sound events 2017, Development dataset",https://doi.org/10.5281/zenodo.814831,other-nc,1696,4793,1903,7,"dataset, tut"
Data Pack fro VirSorter: mining viral signal from microbial genomic data,https://doi.org/10.5281/zenodo.1168727,CC-BY-4.0,1691,3171,237,11,"database, methylseq_2017"
"TAU Urban Acoustic Scenes 2019, Evaluation dataset",https://doi.org/10.5281/zenodo.3063822,other-nc,1669,11396,822,7,"dataset, tut"
Sistematic review on the code smell effect (2000-2017),https://doi.org/10.5281/zenodo.1188978,CC-BY-4.0,1657,1944,106,3,"luna16, tomcat"
Global River Widths from Landsat (GRWL) Database,https://doi.org/10.5281/zenodo.1297434,CC-BY-4.0,1603,3618,7970,0,"data, social"
"Archaeological Survey of India Collections: Burma Circle, 1916-22. Photo 1004/4 : 1916-22 (.jpg format)",https://doi.org/10.5281/zenodo.842010,CC-BY-4.0,1599,18583,507,6,"landslides, landslides space"
Improving Hypernymy Extraction with Distributional Semantic Classes,https://doi.org/10.5281/zenodo.1174041,CC-BY-SA-4.0,1595,1841,33,10,"corpus, dataset"
Automated measurement of fetal head circumference using 2D ultrasound images,https://doi.org/10.5281/zenodo.1327317,CC-BY-4.0,1589,5082,5209,2,"images, data"
Basset  model files,https://doi.org/10.1101/gr.200535.115,MIT,1579,1621,35,8,"model files, files"
Example DICOM RT Structure,https://doi.org/10.5281/zenodo.3576026,Apache-2.0,1578,1902,7,8,"model files, files"
Automotive Sensor Data. An Example Dataset from the AEGIS Big Data Project,https://doi.org/10.5281/zenodo.820576,CC-BY-4.0,1562,1775,6508,1,"dataset, data"
MAPNET Population Genomics Workshop Content: Whole genome sequencing of Bactericera cockerelli,https://doi.org/10.5281/zenodo.2566534,CC-BY-4.0,1551,8179,956,11,"database, methylseq_2017"
Summon Topic Explorer Results by Search Query,https://doi.org/10.5281/zenodo.47723,CC0-1.0,1538,1682,280,10,"corpus, dataset"
FIRESENSE database of videos for flame and smoke detection,https://doi.org/10.5281/zenodo.836749,CC-BY-4.0,1536,6674,3694,1,"dataset, data"
Sample FITS file with log linear wavelength solution,https://doi.org/10.5281/zenodo.3359180,CC-BY-4.0,1531,1846,3,8,"model files, files"
Sample FITS file with non-linear wavelength solution using a linear spline model,https://doi.org/10.5281/zenodo.3359196,CC-BY-4.0,1529,1844,1,8,"model files, files"
Sample FITS file with non-linear wavelength solution using a Chebyshev model,https://doi.org/10.5281/zenodo.3359190,CC-BY-4.0,1529,1849,3,8,"model files, files"
Sample FITS file with non-linear wavelength solution using a Legendre model,https://doi.org/10.5281/zenodo.3359194,CC-BY-4.0,1521,1843,2,8,"model files, files"
Sample FITS file with non-linear wavelength solution using a cubic spline model,https://doi.org/10.5281/zenodo.3359200,CC-BY-4.0,1520,1848,4,8,"model files, files"
Newspaper review and analysis data on media coverage of budget issues in Nigeria,https://doi.org/10.5281/zenodo.11512,CC-BY-4.0,1518,1842,25,5,"open, data"
Sample FITS file with linear wavelength solution,https://doi.org/10.5281/zenodo.3359174,CC-BY-4.0,1515,1842,4,8,"model files, files"
The OpenEar library of 3D models of the human temporal bone based on computed tomography and micro-slicing,https://doi.org/10.5281/zenodo.1473724,CC-BY-4.0,1503,10198,3429,2,"images, data"
"TUT Rare sound events, Evaluation dataset",https://doi.org/10.5281/zenodo.1160455,other-nc,1493,9327,1130,7,"dataset, tut"
Sinopsis bioclimática y vegetacional de Chile / Bioclimatic and vegetational synopsis of Chile,https://doi.org/10.5281/zenodo.60800,CC-BY-NC-4.0,1492,3536,4647,0,"data, social"
Example DICOM files for Gamma Analysis,https://doi.org/10.5281/zenodo.2614021,AGPL-3.0-or-later,1490,3014,24,8,"model files, files"
"Green Roofs Footprints for New York City, Assembled from Available Data and Remote Sensing",https://doi.org/10.5281/zenodo.1469674,CC-BY-NC-SA-4.0,1475,1697,4622,0,"data, social"
RT-GENE: Real-Time Eye Gaze Estimation in Natural Environments,https://doi.org/10.1007/978-3-030-01249-6_21,CC-BY-NC-SA-4.0,1443,12361,1645,3,"luna16, tomcat"
FSDnoisy18k,https://doi.org/10.5281/zenodo.2529934,other-at,1443,3745,1726,3,"luna16, tomcat"
Water quality and diarrhoea bibliometric data and visualisation,https://doi.org/10.5281/zenodo.820718,CC-BY-4.0,1442,1680,216,0,"data, social"
The RDP and GreenGenes taxonomic training sets formatted for DADA2,https://doi.org/10.5281/zenodo.158955,CC-BY-SA-4.0,1440,2482,3887,0,"data, social"
Collection of textures in colorectal cancer histology,https://doi.org/10.5281/zenodo.53169,CC-BY-4.0,1429,2337,4132,2,"images, data"
"TAU Urban Acoustic Scenes 2019 Mobile, Development dataset",https://doi.org/10.5281/zenodo.2589332,other-nc,1419,9982,833,7,"dataset, tut"
SiSEC18-MUS 7s Excerpts,https://doi.org/10.5281/zenodo.3270814,CC-BY-4.0,1418,1523,50,10,"corpus, dataset"
CHAOS - Combined (CT-MR) Healthy Abdominal Organ Segmentation Challenge Data,https://doi.org/10.5281/zenodo.3431873,CC-BY-NC-SA-4.0,1413,4889,1592,2,"images, data"
HAL  model files,https://doi.org/10.1016/j.cell.2015.09.054,MIT,1411,4160,19,8,"model files, files"
"Prevalence of Creative Commons licenses in the Directory of Open Access Journals by discipline, author fees, number of journals per country and publisher",https://doi.org/10.5281/zenodo.11616,CC-BY-SA-4.0,1411,1549,113,5,"open, data"
Demo of log file mapped DICOM RT Plan,https://doi.org/10.5281/zenodo.3382023,AGPL-3.0-or-later,1397,3157,20,8,"model files, files"
Global whole-rock geochemical database compilation,https://doi.org/10.5281/zenodo.3359791,CC-BY-4.0,1372,2680,2101,8,"model files, files"
"Heterogeneous Integrated Dataset for Maritime Intelligence, Surveillance, and Reconnaissance",https://doi.org/10.5281/zenodo.1167595,CC-BY-NC-SA-4.0,1359,4810,5241,1,"dataset, data"
Wikimedia Commons photos by prominent users and their usage across the web,https://doi.org/10.5281/zenodo.3357021,CC0-1.0,1355,1612,49,10,"corpus, dataset"
The skin commensal yeast Malassezia triggers a Th17-response that coordinates anti-fungal immunity and exacerbates skin inflammation,https://doi.org/10.5281/zenodo.2577503,CC-BY-4.0,1341,4804,73,11,"database, methylseq_2017"
CWTS Leiden Ranking 2019,https://doi.org/10.5281/zenodo.3339177,CC-BY-4.0,1320,2544,1705,3,"luna16, tomcat"
The list of QPS status recommended biological agents for safety risk assessments carried out by EFSA,https://doi.org/10.5281/zenodo.3336268,CC-BY-4.0,1319,1649,2232,11,"database, methylseq_2017"
Mobile Cloud Computing Bibliographic Results from Google Scholar,https://doi.org/10.5281/zenodo.1325969,CC-BY-4.0,1308,1632,31,5,"open, data"
Silva taxonomic training data formatted for DADA2 (Silva version 128),https://doi.org/10.5281/zenodo.824551,other-nc,1304,2267,2965,0,"data, social"
"TUT Urban Acoustic Scenes 2018, Evaluation dataset",https://doi.org/10.5281/zenodo.1293883,other-nc,1296,8039,1222,7,"dataset, tut"
European database of processing factors for pesticides in food,https://doi.org/10.2903/sp.efsa.2018.EN-1510,CC-BY-4.0,1286,1737,2552,11,"database, methylseq_2017"
HASYv2 - Handwritten Symbol database,https://doi.org/10.5281/zenodo.259444,ODbL-1.0,1276,1620,3314,3,"luna16, tomcat"
Enron Email Time-Series Network,https://doi.org/10.5281/zenodo.1342353,CC-BY-4.0,1269,1441,422,5,"open, data"
PanDDA analysis of JMJD2D screened against Zenobia Fragment Library (HTML Summary),https://doi.org/10.5281/zenodo.290220,CC-BY-4.0,1269,1954,83,11,"database, methylseq_2017"
"Family name distributions collected in the ""Aktion Forscherkontakte"" (FOKO)",https://doi.org/10.5281/zenodo.61683,CC-BY-SA-4.0,1249,1730,1305,10,"corpus, dataset"
"TAU Urban Acoustic Scenes 2019 Openset, Development dataset",https://doi.org/10.5281/zenodo.2591503,other-nc,1239,20834,510,7,"dataset, tut"
Evaluation of Android Malware Detection Based on System Calls - Dataset,https://doi.org/10.5281/zenodo.154737,CC-BY-4.0,1223,8782,1006,11,"database, methylseq_2017"
acoustic data phase 2,https://doi.org/10.5281/zenodo.1136104,CC-BY-4.0,1214,1560,15,7,"dataset, tut"
Original multi-parametric MRI images of prostate,https://doi.org/10.5281/zenodo.162231,CC-BY-4.0,1197,9660,3561,2,"images, data"
words_alpha.txt,https://doi.org/10.5281/zenodo.3576218,CC-BY-4.0,1189,1258,2,10,"corpus, dataset"
"Statistics and Evaluation Data for Publication ""Using Supervised Learning to Classify Metadata of Research Data by Discipline of Research""",https://doi.org/10.5281/zenodo.3490468,CC-BY-4.0,1157,1320,4220,5,"open, data"
Microsoft Academic Graph,https://doi.org/10.5281/zenodo.2628216,ODC-By-1.0,1155,4691,1689,5,"open, data"
SNSF Open Access Monitoring: Data Publications 2013-2014,https://doi.org/10.5281/zenodo.45442,CC0-1.0,1145,1362,87,5,"open, data"
MALDI imaging of mouse kidney peptides - test dataset,https://doi.org/10.5281/zenodo.1560646,MIT,1143,1359,5550,2,"images, data"
DeConf: De-conflated Semantic Representations,https://doi.org/10.5281/zenodo.1401788,CC-BY-4.0,1127,1325,19,10,"corpus, dataset"
To bee or not to bee: An annotated dataset for beehive sound recognition,https://doi.org/10.5281/zenodo.1321278,CC-BY-4.0,1121,8638,1426,7,"dataset, tut"
An MRI DICOM data set of the head of a  normal male human aged 52,https://doi.org/10.5281/zenodo.16956,CC-BY-SA-4.0,1105,1400,3281,2,"images, data"
"Open Access journals charging publication fees for a) the ten countries with the highest output of Open Access journals and b) sociological journals (2012, 2014)",https://doi.org/10.5281/zenodo.10758,CC-BY-SA-4.0,1102,1357,140,5,"open, data"
"Quantitative phase microscopy timelapse dataset of PNT1A, DU-145 and LNCaP cells with annotated caspase 3,7-dependent and independent cell death",https://doi.org/10.5281/zenodo.2601562,CC-BY-4.0,1095,16238,74,2,"images, data"
Histological images for tumor detection in gastrointestinal cancer,https://doi.org/10.5281/zenodo.2530789,CC-BY-4.0,1090,5419,2024,2,"images, data"
"TUT Urban Acoustic Scenes 2018 Mobile, Evaluation dataset",https://doi.org/10.5281/zenodo.1293901,other-nc,1088,10771,393,7,"dataset, tut"
Gaming Horizons Stakeholder Interviews - anonymised,https://doi.org/10.5281/zenodo.1163698,CC-BY-4.0,1073,1576,298,5,"open, data"
"RAPID input and output files corresponding to ""RAPID Applied to the SIM-France Model""",https://doi.org/10.5281/zenodo.30228,CC-BY-4.0,1064,30235,185,8,"model files, files"
SLIVER07,https://doi.org/10.5281/zenodo.2597908,other-open,1062,5150,815,3,"luna16, tomcat"
LoDoPaB-CT Dataset,https://doi.org/10.5281/zenodo.3384092,ODC-By-1.0,1055,9663,416,1,"dataset, data"
Global Gravity Field Model GAO2012,https://doi.org/10.5281/zenodo.814573,CC-BY-4.0,1054,1098,215,8,"model files, files"
"TUT Acoustic scenes 2017, Evaluation dataset",https://doi.org/10.5281/zenodo.1040168,other-nc,1046,3938,5236,7,"dataset, tut"
Cone-Beam X-Ray CT Data Collection Designed for Machine Learning: Samples 1-8,https://doi.org/10.5281/zenodo.2686726,CC-BY-4.0,1039,11362,296,2,"images, data"
labranchor  model files,https://doi.org/10.1101/185868,CC-BY-NC-4.0,1036,1550,15,8,"model files, files"
Training data for de novo transcriptome reconstruction from RNA-seq data,https://doi.org/10.123/GTNdenovoRNAseq,CC-BY-4.0,1026,5055,7698,9,"training, data"
VB100,https://doi.org/10.5281/zenodo.60375,CC-BY-NC-SA-4.0,1023,5234,20,3,"luna16, tomcat"
"Archaeological Survey of India Collections: Burma Circle, 1913-1916. Photo 1004/3 : 1913-1916 (.jpg format)",https://doi.org/10.5281/zenodo.842005,CC-BY-4.0,1009,11027,236,6,"landslides, landslides space"
Non-coding regions are the main source of targetable tumor-specific antigens – DATASETS (k=33),https://doi.org/10.5281/zenodo.1484490,CC-BY-NC-4.0,995,14632,194,2,"images, data"
Updated example thaumatin data set from Diamond Light Source VMXi,https://doi.org/10.5281/zenodo.2547566,CC-BY-4.0,989,4664,60,4,"data, time"
"TUT Sound Events 2018 - Ambisonic, Anechoic and Synthetic Impulse Response Dataset",https://doi.org/10.5281/zenodo.1237703,other-nc,984,7433,1570,7,"dataset, tut"
Transcranial direct current stimulation (tDCS) over the left prefrontal cortex does not affect time-trial self-paced cycling performance: Evidence from oscillatory brain activity and power output.,https://doi.org/10.5281/zenodo.1313703,CC-BY-4.0,983,12486,845,4,"data, time"
Pesticide ecotoxicology Tier 1 endpoints database,https://doi.org/10.5281/zenodo.273472,CC-BY-ND-4.0,983,1899,106,11,"database, methylseq_2017"
Data from: Open access levels: a quantitative exploration using Web of Science and oaDOI data,https://doi.org/10.5281/zenodo.1143707,CC0-1.0,980,1641,275,5,"open, data"
"Histological images for MSI vs. MSS classification in gastrointestinal cancer, snap-frozen samples",https://doi.org/10.5281/zenodo.2532612,CC-BY-4.0,973,10375,757,2,"images, data"
Update and expansion of the database of bio-ecological information on non-target arthropod species,https://doi.org/10.5281/zenodo.285525,CC-BY-ND-4.0,972,2594,95,0,"data, social"
CubiCasa5k,https://doi.org/10.5281/zenodo.2613548,CC-BY-NC-SA-4.0,954,2995,1006,3,"luna16, tomcat"
"The ReDraw Dataset: A Set of Android Screenshots, GUI Metadata, and Labeled Images of GUI Components",https://doi.org/10.5281/zenodo.2530277,CC-BY-4.0,952,4135,1012,1,"dataset, data"
DeepSEA  model files,https://doi.org/10.1038/nmeth.3547,other-at,952,1667,55,8,"model files, files"
"Training material for the course ""Exome analysis with GALAXY""",https://doi.org/10.5281/zenodo.3243160,CC0-1.0,952,3828,177,9,"training, data"
PESO: Prostate Epithelium Segmentation on H&E-stained prostatectomy whole slide images,https://doi.org/10.5281/zenodo.1485967,CC-BY-NC-SA-4.0,950,2235,3045,2,"images, data"
"Archaeological Survey of India Collections: Burma Circle, 1903-07.  Photo 1004/1 : 1903-1907 (.jpg format)",https://doi.org/10.5281/zenodo.1001057,CC-BY-SA-4.0,949,16268,584,6,"landslides, landslides space"
Labsphere SRS-99-020,https://doi.org/10.5281/zenodo.3245875,CC-BY-4.0,949,3873,76,3,"luna16, tomcat"
Edgar Anderson's Iris Data,https://doi.org/10.5281/zenodo.1319069,CC-BY-4.0,942,1003,109,1,"dataset, data"
Assessment of dairy cow welfare in small-scale farming systems dataset,https://doi.org/10.5281/zenodo.275433,CC-BY-ND-4.0,937,1791,116,0,"data, social"
rbp_eclip  model files,https://doi.org/10.1093/bioinformatics/btx727,MIT,936,3666,45,8,"model files, files"
Pre-trained word2vec models for ``Easy over Hard: A Case Study on Deep Learning'',https://doi.org/10.5281/zenodo.807727,CC-BY-4.0,932,1014,49,10,"corpus, dataset"
OpenFoodTox: EFSA's chemical hazards database,https://doi.org/10.5281/zenodo.1252752,CC-BY-4.0,926,1826,3420,11,"database, methylseq_2017"
DWD European Weather,https://doi.org/10.5281/zenodo.3025773,CC-BY-4.0,919,1109,53,4,"data, time"
The Westerbork HALOGAS Survey: Data Release 1,https://doi.org/10.5281/zenodo.2552349,CC-BY-4.0,913,5390,130,4,"data, time"
Nanolaminography dataset: Three-dimensional imaging of integrated circuits with a macro to nanoscale zoom,https://doi.org/10.5281/zenodo.2657340,CC-BY-4.0,910,7878,629,2,"images, data"
Unblinded Data for PLAsTiCC Classification Challenge,https://doi.org/10.5281/zenodo.2539456,CC-BY-4.0,897,3052,1573,1,"dataset, data"
Austrian Science Fund (FWF) funding statistics 2009-2017,https://doi.org/10.5281/zenodo.1310774,CC-BY-4.0,897,1712,1477,5,"open, data"
Austrian Science Fund (FWF) Publication Cost Data 2016,https://doi.org/10.5281/zenodo.810596,CC-BY-4.0,896,998,395,5,"open, data"
Camera Spectral Sensitivity Database,https://doi.org/10.5281/zenodo.3245883,CC-BY-NC-SA-4.0,893,2644,208,4,"data, time"
Error,https://doi.org/10.5281/zenodo.55156,CC0-1.0,892,958,8,3,"luna16, tomcat"
Crowd-sourced Fitbit datasets 03.12.2016-05.12.2016,https://doi.org/10.5281/zenodo.53894,CC-BY-4.0,890,1284,3702,1,"dataset, data"
Data sets for FASTREAD,https://doi.org/10.5281/zenodo.1162952,CC-BY-4.0,886,1121,428,1,"dataset, data"
WiLI-2018 - Wikipedia Language Identification database,https://doi.org/10.5281/zenodo.841984,ODbL-1.0,885,1833,2376,10,"corpus, dataset"
"CVL Database - An Off-line Database for Writer Retrieval, Writer Identification and Word Spotting",https://doi.org/10.5281/zenodo.1492267,CC-BY-NC-4.0,880,2465,1292,10,"corpus, dataset"
InTeReC: In-text Reference Corpus - Single References Dataset,https://doi.org/10.5281/zenodo.1203737,CC-BY-NC-4.0,877,934,302,10,"corpus, dataset"
ADVIO: An Authentic Dataset for Visual-Inertial Odometry,https://doi.org/10.5281/zenodo.1476931,CC-BY-NC-4.0,876,9293,1122,1,"dataset, data"
ATLAS reference databases,https://doi.org/10.5281/zenodo.1134890,CC-BY-4.0,876,2155,102,0,"data, social"
Combined SMOS and SMAP sea ice thickness Arctic,https://doi.org/10.5281/zenodo.1631856,CC-BY-4.0,869,6274,472,4,"data, time"
Identifier Refinery Conversion Matrixes,https://doi.org/10.5281/zenodo.1410647,CC-BY-4.0,867,886,20,8,"model files, files"
FSR Ownership Links and Enhanced EUTL Dataset,https://doi.org/10.5281/zenodo.47636,CC0-1.0,858,870,23,5,"open, data"
Tomcat bug-report,https://doi.org/10.5281/zenodo.268481,CC-BY-4.0,858,916,204,3,"luna16, tomcat"
"TUT Acoustic scenes 2016, Evaluation dataset",https://doi.org/10.5281/zenodo.165995,other-open,847,4792,1704,7,"dataset, tut"
Accompanying material to the Inventory of opportunities and bottlenecks in policy to facilitate the adoption of soil-improving techniques,https://doi.org/10.5281/zenodo.2613625,CC-BY-4.0,846,909,40,0,"data, social"
"Quantitative account of social interactions in a mental health care ecosystem: cooperation, trust and collective action",https://doi.org/10.5281/zenodo.1175627,CC-BY-SA-4.0,846,16073,185,5,"open, data"
France social contact data,https://doi.org/10.5281/zenodo.1158452,CC-BY-NC-ND-4.0,844,8152,3466,0,"data, social"
Street Fashion Style (SFS) dataset,https://doi.org/10.5281/zenodo.833051,CC-BY-NC-4.0,840,3209,1709,1,"dataset, data"
OpenBiblioJobs Export 2012.07.17-2017.09.01,https://doi.org/10.5281/zenodo.1212306,CC-BY-4.0,833,859,75,5,"open, data"
Social contact data for Vietnam,https://doi.org/10.5281/zenodo.1289474,CC-BY-NC-ND-4.0,830,5760,3037,0,"data, social"
Good-sounds dataset,https://doi.org/10.5281/zenodo.820937,CC-BY-4.0,829,6095,829,7,"dataset, tut"
OpenAIRE Guidelines for CRIS Managers 1.0,https://doi.org/10.5281/zenodo.17065,CC-BY-4.0,803,1352,1316,5,"open, data"
Spotify Playlists Dataset,https://doi.org/10.5281/zenodo.2594557,CC-BY-4.0,800,972,2882,1,"dataset, data"
"Database of weeds in cultivation fields of France and UK, with ecological and biogeographical information",https://doi.org/10.5281/zenodo.1112342,CC-BY-4.0,798,849,1373,0,"data, social"
Missing Persons Brazilian Database,https://doi.org/10.5281/zenodo.283320,CC-BY-NC-4.0,787,927,33,0,"data, social"
CODEBRIM: COncrete DEfect BRidge IMage Dataset,https://doi.org/10.5281/zenodo.2620293,other-nc,782,5178,1213,1,"dataset, data"
"Additional datasets and code accompanying the article ""Evaluation of in silico algorithms for use with ACMG/AMP clinical variant interpretation guidelines""",https://doi.org/10.5281/zenodo.1009576,CC-BY-4.0,775,1084,308,2,"images, data"
"TUT Sound events 2016, Development dataset",https://doi.org/10.5281/zenodo.45759,other-nc,773,3315,2262,7,"dataset, tut"
Video Storytelling Dataset,https://doi.org/10.5281/zenodo.2383739,CC-BY-4.0,773,8375,417,1,"dataset, data"
BuzzFeed-Webis Fake News Corpus 2016,https://doi.org/10.5281/zenodo.1239675,CC-BY-4.0,771,1651,1889,10,"corpus, dataset"
"Geologi Endapan Gunungapi Wilayah Bandung Timur, Jawa Barat, Indonesia (v1)",https://doi.org/10.5281/zenodo.221105,CC-BY-4.0,769,890,68,6,"landslides, landslides space"
Peruvian social contact data,https://doi.org/10.5281/zenodo.1215891,CC-BY-NC-ND-4.0,767,6840,3338,0,"data, social"
Civilian Casualties of WW2 air-raids on Kiel,https://doi.org/10.5281/zenodo.61684,CC-BY-SA-4.0,765,821,1132,3,"luna16, tomcat"
Standardized Project Gutenberg Corpus,https://doi.org/10.5281/zenodo.2422561,CC-BY-4.0,763,1023,1922,10,"corpus, dataset"
Social contact data for UK,https://doi.org/10.5281/zenodo.1409507,CC-BY-NC-ND-4.0,758,7130,3016,0,"data, social"
"Rediscovery Datasets: Connecting Duplicate Reports of Apache, Eclipse, and KDE",https://doi.org/10.5281/zenodo.400614,CC-BY-4.0,757,1175,472,0,"data, social"
"Archaeological Survey of India Collections: Burma Circle, 1907-13. Photo 1004/2 : 1907-1913 (.jpg format)",https://doi.org/10.5281/zenodo.835588,CC-BY-4.0,751,16431,240,6,"landslides, landslides space"
BIRAFFE: Bio-Reactions and Faces for Emotion-based Personalization,https://doi.org/10.5281/zenodo.3442144,CC-BY-NC-ND-4.0,735,1372,948,3,"luna16, tomcat"
Sample datasets for E. coli C-1 genome assembly tutorial,https://doi.org/10.5281/zenodo.940733,CC-BY-4.0,724,1730,4621,9,"training, data"
Rasterised Natura 2000 Natural Protection Areas for PyPSA-Eur: An Open Optimisation Model of the European Transmission System,https://doi.org/10.5281/zenodo.3518215,CC-BY-4.0,723,921,13,4,"data, time"
Beatport EDM Key Dataset,https://doi.org/10.5281/zenodo.1101082,CC-BY-SA-4.0,720,905,1713,1,"dataset, data"
Aspect J,https://doi.org/10.5281/zenodo.268472,CC-BY-4.0,719,754,81,3,"luna16, tomcat"
Dataset: Diamonds from Hadley's ggplot2 for Galaxy training,https://doi.org/10.5281/zenodo.3540705,CC-BY-4.0,718,738,4,9,"training, data"
CpGenie  model files,https://doi.org/10.1093/nar/gkx177,Apache-2.0,718,37660,16,8,"model files, files"
"A multi-resolution, multi-epoch low Radio Frequency Survey of the Kepler K2 Mission Campaign 1 Field",https://doi.org/10.5281/zenodo.1317635,CC-BY-4.0,715,4671,1501,4,"data, time"
GEMINI3D: 2-D test data,https://doi.org/10.5281/zenodo.3477385,CC-BY-4.0,712,1542,9,4,"data, time"
INTEND D 2.1 Transport projects & future technologies synopses database,https://doi.org/10.5281/zenodo.1293865,CC-BY-4.0,710,713,35,5,"open, data"
ConceptNet 5.7 Raw Data,https://doi.org/10.5281/zenodo.2579347,CC-BY-SA-4.0,705,1404,225,1,"dataset, data"
New Color Specifications for ColorChecker SG and Classic Charts,https://doi.org/10.5281/zenodo.3245895,other-closed,704,1469,42,4,"data, time"
Wikipedia time-series graph,https://doi.org/10.5281/zenodo.886484,CC-BY-4.0,695,907,319,4,"data, time"
index of folk culture (journal) articles [Arabic],https://doi.org/10.5281/zenodo.2633854,CC-BY-4.0,695,895,51,10,"corpus, dataset"
Austrian Science Fund (FWF) Open Access Compliance Monitoring 2017,https://doi.org/10.5281/zenodo.1239495,CC-BY-4.0,693,818,380,5,"open, data"
OpenAIRE and FAIR Data Expert Group survey about Horizon 2020 template for Data Management Plans,https://doi.org/10.5281/zenodo.1120245,CC-BY-SA-4.0,691,933,1655,5,"open, data"
Indexed scientific articles for the seven journals listed on the Design Society website and all papers indexed for the DESIGN and ICED conferences,https://doi.org/10.5281/zenodo.204820,CC-BY-4.0,691,1270,209,5,"open, data"
Allergy dataset,https://doi.org/10.5281/zenodo.44529,CC0-1.0,691,904,1052,1,"dataset, data"
PlantVillage Disease Classification Challenge - Color Images,https://doi.org/10.5281/zenodo.1204914,CC-BY-4.0,691,1098,2336,0,"data, social"
Preprocessed datasets for MAF experiments,https://doi.org/10.5281/zenodo.1161203,CC-BY-4.0,689,993,894,1,"dataset, data"
BirdVox-DCASE-20k: a dataset for bird audio detection in 10-second clips,https://doi.org/10.5281/zenodo.1208080,CC-BY-4.0,687,1103,537,7,"dataset, tut"
ARTS Microwave Single Scattering Properties Database,https://doi.org/10.5281/zenodo.1175573,CC-BY-4.0,687,3193,671,4,"data, time"
Intrachromosomal Hi-C contact lists and matrices of lymphoma cell lines,https://doi.org/10.5281/zenodo.1484388,CC-BY-4.0,680,1630,1558,2,"images, data"
VocalSet: A Singing Voice Dataset,https://doi.org/10.5281/zenodo.1442513,CC-BY-4.0,676,4227,1099,7,"dataset, tut"
Data and analysis supplement for: Functional imagery training versus motivational interviewing for weight loss: a randomised controlled trial of brief individual interventions for overweight and obesity.,https://doi.org/10.5281/zenodo.1120364,CC-BY-4.0,675,2280,352,2,"images, data"
URLs von Webseiten mit Typ Bibliothek aus Lobid.org,https://doi.org/10.5281/zenodo.50969,CC0-1.0,667,727,43,5,"open, data"
Summary-level data from meta-analysis of fat distribution phenotypes in UK Biobank and GIANT,https://doi.org/10.5281/zenodo.1251813,CC-BY-4.0,660,1619,2801,2,"images, data"
(No) Influence of Continuous Integration on the Development Activity in GitHub Projects — Dataset,https://doi.org/10.5281/zenodo.1291582,CC-BY-4.0,658,761,91,5,"open, data"
MoMA Collection Artists,https://doi.org/10.5281/zenodo.46902,CC0-1.0,658,681,99,0,"data, social"
Magi Practical Web Article Corpus,https://doi.org/10.5281/zenodo.3242512,CC-BY-4.0,656,8373,393,10,"corpus, dataset"
30000 job postings from SEEK Australia,https://doi.org/10.5281/zenodo.1220874,CC-BY-4.0,656,748,413,0,"data, social"
Zebrafish Phenotype Ontology,https://doi.org/10.5281/zenodo.3250384,CC-BY-4.0,656,851,41,0,"data, social"
Computation-Ready Experimental Metal-Organic Framework (CoRE MOF) 2019 Dataset,https://doi.org/10.5281/zenodo.3528250,CC-BY-4.0,655,1131,927,8,"model files, files"
A Computational Theory for the Emergence of Grammatical Categories in Cortical Dynamics,https://doi.org/10.5281/zenodo.3562524,CC-BY-4.0,654,678,15,10,"corpus, dataset"
Database of trophic interactions,https://doi.org/10.5281/zenodo.13751,CC0-1.0,653,698,241,0,"data, social"
ROARMAP Open Access Policy data,https://doi.org/10.5281/zenodo.20161,CC0-1.0,652,812,71,5,"open, data"
Observer Function Database,https://doi.org/10.5281/zenodo.3252742,other-closed,647,1279,25,3,"luna16, tomcat"
Catalogue of radiocarbon determinations & dendrochronology dates,https://doi.org/10.5281/zenodo.3367518,CC-BY-4.0,643,796,40,4,"data, time"
"RAPID input and output files corresponding to ""River Network Routing on the NHDPlus Dataset""",https://doi.org/10.5281/zenodo.16565,CC-BY-4.0,643,4992,412,1,"dataset, data"
wikidata jsons (in pre-processed format),https://doi.org/10.5281/zenodo.3364465,CC-BY-4.0,642,16278,130,10,"corpus, dataset"
DCASE2019_task4_synthetic_data,https://doi.org/10.5281/zenodo.2583796,CC-BY-NC-4.0,640,2311,906,1,"dataset, data"
POLYMOD social contact data,https://doi.org/10.5281/zenodo.1215899,CC-BY-NC-4.0,640,4857,2938,0,"data, social"
Supply Chains of 36 Corporations (CERTH DB),https://doi.org/10.5281/zenodo.2561880,CC-BY-4.0,639,720,92,5,"open, data"
Data for Applying Old Knowledge in Primary Study Selection,https://doi.org/10.5281/zenodo.290670,CC-BY-4.0,634,811,51,5,"open, data"
Evaluation datasets for DCASE 2018 Bird Audio Detection,https://doi.org/10.5281/zenodo.1298604,CC-BY-4.0,632,2604,175,7,"dataset, tut"
Simulated Human gut metagenomic samples to benchmark mOTUs v2,https://doi.org/10.5281/zenodo.1473645,CC-BY-4.0,622,1545,882,2,"images, data"
Ninapro dataset 5 (double Myo armband),https://doi.org/10.5281/zenodo.1000116,CC-BY-ND-4.0,621,3905,1508,1,"dataset, data"
CMS 2011A Simulation | Pythia 6 QCD 600-800 | pT > 375 GeV | MOD HDF5 Format,https://doi.org/10.5281/zenodo.3364139,CC-BY-4.0,619,2938,77,8,"model files, files"
Billion Triple Challenge (BTC) 2019 Dataset,https://doi.org/10.5281/zenodo.2634588,CC-BY-4.0,613,7032,1223,1,"dataset, data"
MethylSeq_2017,https://doi.org/10.5281/zenodo.557099,CC-BY-4.0,610,1331,4524,11,"database, methylseq_2017"
A global network of biomedical relationships derived from text,https://doi.org/10.5281/zenodo.3459420,CC-BY-4.0,610,1872,4312,10,"corpus, dataset"
Steam Review Dataset (2017),https://doi.org/10.5281/zenodo.1000885,CC-BY-NC-4.0,606,730,2099,1,"dataset, data"
Arterial hemodynamics: a database of virtual subjects,https://doi.org/10.5281/zenodo.33054,CC-BY-4.0,603,1860,50,2,"images, data"
EvoRef: EvoBib Reference Browser,https://doi.org/10.5281/zenodo.3302056,CC-BY-4.0,594,658,126,5,"open, data"
Binary black-hole simulation SXS:BBH:0274,https://doi.org/10.5281/zenodo.3316634,CC-BY-4.0,592,2215,1993,8,"model files, files"
ReMM score,https://doi.org/10.5281/zenodo.1197579,CC-BY-4.0,590,3483,163,3,"luna16, tomcat"
Extended Malaysian Traffic Sign Dataset (EMTD),https://doi.org/10.5281/zenodo.1217105,CC-BY-4.0,590,5214,334,1,"dataset, data"
Honey bee Seasonal mortality 2012-2014 - Epilobee analysis,https://doi.org/10.5281/zenodo.269636,CC-BY-ND-4.0,589,620,225,0,"data, social"
MSR - Data,https://doi.org/10.5281/zenodo.2549112,CC-BY-4.0,588,662,10,1,"dataset, data"
Basenji  model files,https://doi.org/10.1101/gr.227819.117,Apache-2.0,588,2351,27,8,"model files, files"
Tutorial Data Bundle for PyPSA-Eur: An Open Optimisation Model of the European Transmission System,https://doi.org/10.5281/zenodo.3517921,other-open,587,743,21,4,"data, time"
Tutorial Weather Data Cutouts for PyPSA-Eur: An Open Optimisation Model of the European Transmission System,https://doi.org/10.5281/zenodo.3518020,CC-BY-4.0,583,717,17,4,"data, time"
Global Reforestation Potential Map,https://doi.org/10.5281/zenodo.883444,CC-BY-4.0,581,649,3769,0,"data, social"
MedleyDB Sample,https://doi.org/10.5281/zenodo.1438309,CC-BY-SA-4.0,581,1262,250,7,"dataset, tut"
DeepCpG_DNA  model files,https://doi.org/10.1186/s13059-017-1189-z,MIT,581,2247,31,8,"model files, files"
Dataset for generating TL;DR,https://doi.org/10.5281/zenodo.1168855,CC-BY-4.0,578,716,989,1,"dataset, data"
Demo data for TPS Measurement comparison,https://doi.org/10.5281/zenodo.3351939,AGPL-3.0-or-later,573,635,3,4,"data, time"
Tomographic X-ray data of a walnut,https://doi.org/10.5281/zenodo.1254206,CC-BY-4.0,572,1329,780,0,"data, social"
Satellite Sensor Relative Spectral Response data,https://doi.org/10.5281/zenodo.3461164,CC-BY-4.0,572,790,38,4,"data, time"
FactorNet  model files,https://doi.org/10.1101/151274,MIT,570,2692,50,8,"model files, files"
pwm_HOCOMOCO  model files,https://doi.org/10.1093/nar/gkv1249,MIT,569,3517,16,8,"model files, files"
E-THEMIS Thermal Anomaly Simulation Observations,https://doi.org/10.5281/zenodo.3581464,CC-BY-4.0,568,7288,15,4,"data, time"
Networks of Swiss water governance issues. Studying fit between media attention and organizational activity,https://doi.org/10.25678/000077,CC0-1.0,566,699,230,5,"open, data"
The high-resolution and high-quality PM1 data set in China (ChinaHighPM1 data set),https://doi.org/10.5281/zenodo.3538556,CC-BY-4.0,561,1970,738,4,"data, time"
Tractography Challenge ISMRM 2015 Submissions,https://doi.org/10.5281/zenodo.840086,CC-BY-4.0,560,812,392,2,"images, data"
Dynamic Malware Analysis kernel and user-level calls,https://doi.org/10.5281/zenodo.1203289,CC-BY-4.0,558,6158,195,11,"database, methylseq_2017"
Simple Italian sentences ranked by readability,https://doi.org/10.5281/zenodo.2548585,CC-BY-4.0,554,604,96,10,"corpus, dataset"
Improvement of editorial quality of journals indexed in DOAJ,https://doi.org/10.5281/zenodo.60516,CC-BY-4.0,550,692,143,5,"open, data"
Dataset: Raiders of the Lost Kek: 3.5 Years of Augmented 4chan Posts from the Politically Incorrect Board,https://doi.org/10.5281/zenodo.3606810,CC-BY-4.0,549,696,991,10,"corpus, dataset"
Clotho dataset,https://doi.org/10.5281/zenodo.3490684,other-at,549,716,999,1,"dataset, data"
"TUT Sound events 2017, Evaluation dataset",https://doi.org/10.5281/zenodo.1040179,other-nc,544,1589,598,7,"dataset, tut"
KipoiSplice  model files,https://doi.org/10.1101/375345,MIT,543,4180,17,8,"model files, files"
Divergent421 model files,https://doi.org/10.5281/zenodo.1452399,MIT,543,1163,30,8,"model files, files"
Soil organic carbon stock (0–30 cm) in kg/m2 time-series 2001–2015 based on the land cover changes,https://doi.org/10.5281/zenodo.2529721,CC-BY-SA-4.0,543,3908,506,4,"data, time"
Cone-Beam X-Ray CT Data Collection Designed for Machine Learning: Samples 25-32,https://doi.org/10.5281/zenodo.2687635,CC-BY-4.0,541,5577,149,2,"images, data"
Improvements to stratospheric chemistry scheme in the UM-UKCA (v10.7) model: solar cycle and heterogeneous reactions,https://doi.org/10.5281/zenodo.1486305,CC-BY-4.0,540,834,63,4,"data, time"
"TUT Urban Acoustic Scenes 2018, Leaderboard dataset",https://doi.org/10.5281/zenodo.1245181,other-nc,535,4019,767,7,"dataset, tut"
SiSp  model files,https://doi.org/10.1101/328138,MIT,531,3040,14,8,"model files, files"
PanDDA analysis of BAZ2B screened against Zenobia Fragment Library (HTML Summary),https://doi.org/10.5281/zenodo.290199,CC-BY-4.0,530,818,83,11,"database, methylseq_2017"
"Numerical model code, input files and output data for publication ""Rapid mixing and exchange of deep-ocean waters in an abyssal boundary current""",https://doi.org/10.5281/zenodo.3240623,CC-BY-4.0,529,4891,792,8,"model files, files"
PCR-GLOBWB 2 input files version 2017_11_beta_1,https://doi.org/10.5281/zenodo.1045339,CC-BY-4.0,527,881,787,8,"model files, files"
"mTORC1 in thymic epithelial cells is critical for thymopoiesis, T-cell generation, and temporal control of gdT17 development and TCRg/d recombination",https://doi.org/10.5281/zenodo.34843,CC0-1.0,525,528,78,2,"images, data"
Austrian Science Fund (FWF) funding statistics 2009-2018,https://doi.org/10.5281/zenodo.3352017,CC-BY-4.0,524,949,855,5,"open, data"
Monthly MODIS LST data related to the article: A new fully gap-free time series of land surface temperature from MODIS LST data,https://doi.org/10.5281/zenodo.1135230,ODbL-1.0,522,7514,629,4,"data, time"
3D Microphone Array Recording Comparison (3D-MARCo),https://doi.org/10.5281/zenodo.3477602,CC-BY-3.0,521,2082,2372,4,"data, time"
Volcano Plot (training data),https://doi.org/10.5281/zenodo.2529117,CC-BY-4.0,521,849,3768,1,"dataset, data"
Overtopping events in breakwaters under climate change scenarios [Dataset]. Zenodo,https://doi.org/10.5281/zenodo.1574835,CC-BY-4.0,519,705,879,4,"data, time"
Corresponding-Colour Datasets,https://doi.org/10.5281/zenodo.3270903,other-closed,516,7477,69,1,"dataset, data"
MaxEntScan  model files,https://doi.org/10.1089/1066527041410418,MIT,514,1069,29,8,"model files, files"
deepTarget  model files,https://doi.org/10.1145/2975167.2975212,GPL-3.0,510,3243,19,8,"model files, files"
3PFL: Database of Patents and Publications with a Public-Funding Linkage,https://doi.org/10.5281/zenodo.3369582,CC-BY-4.0,509,877,1814,5,"open, data"
"TAU Urban Acoustic Scenes 2019, Leaderboard dataset",https://doi.org/10.5281/zenodo.2672993,other-nc,508,1991,434,7,"dataset, tut"
Towards the use of UHPFRC in railway bridges: the rehabilitation of Buna Bridge,https://doi.org/10.5281/zenodo.2574457,CC-BY-4.0,508,1734,694,3,"luna16, tomcat"
EMG and Video Dataset for sensor fusion based hand gestures recognition,https://doi.org/10.5281/zenodo.3228846,CC-BY-4.0,508,1799,235,1,"dataset, data"
Dataset for paper: The spread of low-credibility content by social bots,https://doi.org/10.5281/zenodo.1402267,CC-BY-4.0,505,2781,3203,10,"corpus, dataset"
Hybrid Approaches to Detect Comments Violating Macro Norms on Reddit,https://doi.org/10.5281/zenodo.3338698,CC-BY-4.0,504,689,163,10,"corpus, dataset"
Coopac,https://doi.org/10.5281/zenodo.1464893,CC-BY-4.0,498,591,932,3,"luna16, tomcat"
How does the proximity to restaurants and sports facilities influence the Body Mass Index in Geneva?,https://doi.org/10.5281/zenodo.2532913,CC-BY-4.0,496,753,806,0,"data, social"
lsgkm-SVM  model files,https://doi.org/10.1093/bioinformatics/btw142,MIT,493,500,17,8,"model files, files"
စစ်ကိုင်းတိုင်းဒေသကြီးအတွင်းရှိအသစ်တွေ့ကျောက်စာများ,https://doi.org/10.5281/zenodo.1203709,CC-BY-4.0,493,561,49,3,"luna16, tomcat"
Integrated analysis of anatomical and electrophysiological human intracranial data,https://doi.org/10.5281/zenodo.1201560,CC-BY-SA-4.0,492,2300,1247,2,"images, data"
A word2vec model file built from the French Wikipedia XML Dump using gensim.,https://doi.org/10.5281/zenodo.162792,CC-BY-4.0,491,1084,3664,10,"corpus, dataset"
extended_coda  model files,https://doi.org/10.1093/bioinformatics/btx243,MIT,491,1959,17,8,"model files, files"
What Skills do IT Companies Look for in New Developers?,https://doi.org/10.5281/zenodo.3387443,CC-BY-4.0,490,643,35,5,"open, data"
Galaxy Hi-C Training material dm3,https://doi.org/10.5281/zenodo.1183661,CC-BY-4.0,488,1457,4732,9,"training, data"
Comparative wordlist of Tibetan dialects,https://doi.org/10.5281/zenodo.815587,CC-BY-4.0,486,590,31,10,"corpus, dataset"
"Training and testing data, associated code and estimators for emulating a convection scheme",https://doi.org/10.5281/zenodo.1434401,CC-BY-4.0,481,5411,90,4,"data, time"
Dazaga in Berlin-Brandenburg,https://doi.org/10.5281/zenodo.1442617,CC-BY-4.0,479,885,736,3,"luna16, tomcat"
Global Soil Moisture Agricultural Drought Index (SMADI),https://doi.org/10.5281/zenodo.3247649,CC-BY-4.0,478,1365,155,0,"data, social"
The Global Long-term Microwave Vegetation Optical Depth Climate Archive VODCA,https://doi.org/10.5281/zenodo.2575599,CC-BY-4.0,476,1254,1189,4,"data, time"
Single-cell -omics datasets containing a trajectory,https://doi.org/10.5281/zenodo.1443566,CC-BY-SA-4.0,474,12795,2486,1,"dataset, data"
Mapping of Global Scientific Research in Comorbidity and Multimorbidity: A Cross-Sectional Analysis,https://doi.org/10.5281/zenodo.1019725,CC-BY-4.0,471,510,39,5,"open, data"
A comparison of automatic cell identification methods for single-cell RNA-sequencing data,https://doi.org/10.5281/zenodo.3357167,CC-BY-4.0,470,2385,383,2,"images, data"
Rediscovery Datasets: Connecting Duplicate Reports of LibreOffice and Gentoo,https://doi.org/10.5281/zenodo.579547,CC-BY-4.0,468,535,97,1,"dataset, data"
Numbers and shares of Open Access Journals in Sociology charging publication fees (article processing charges APCs),https://doi.org/10.5281/zenodo.10760,CC-BY-SA-4.0,468,741,336,5,"open, data"
GNSS Signal samples in the L2 band,https://doi.org/10.5281/zenodo.1184601,CC-BY-4.0,467,506,62,4,"data, time"
Citations to Astronomy Journals 1: The growth of interdisciplinarity - Data Supplement,https://doi.org/10.5281/zenodo.1400693,CC-BY-4.0,467,755,506,5,"open, data"
De novo design of a fluorescence-activating β-barrel,https://doi.org/10.5281/zenodo.1216229,CC-BY-4.0,465,900,782,8,"model files, files"
Version 3 (20181130) of the MALDI-TOF Mass Spectrometry Database for Identification and Classification of Highly Pathogenic Microorganisms from the Robert Koch-Institute (RKI),https://doi.org/10.5281/zenodo.1880975,CC-BY-4.0,465,642,773,11,"database, methylseq_2017"
Innovations in scholarly communication - data of the global 2015-2016 survey,https://doi.org/10.5281/zenodo.49583,CC0-1.0,461,817,3306,5,"open, data"
XML_corpus,https://doi.org/10.5281/zenodo.10776,CC-BY-4.0,460,461,18,10,"corpus, dataset"
The CERDI-seadistance database,https://doi.org/10.5281/zenodo.46822,CC-BY-4.0,459,582,1041,4,"data, time"
A MALDI-TOF Mass Spectrometry Database for Identification and Classification of Highly Pathogenic Microorganisms from the Robert Koch-Institute (RKI),https://doi.org/10.5281/zenodo.163517,CC-BY-NC-4.0,457,596,1293,11,"database, methylseq_2017"
Global derived datasets for use in k-NN machine learning prediction of global seafloor total organic carbon,https://doi.org/10.5281/zenodo.1471639,CC-BY-4.0,457,5846,805,1,"dataset, data"
The RBO Dataset of Articulated Objects and Interactions,https://doi.org/10.5281/zenodo.1036660,CC-BY-4.0,454,6986,145,1,"dataset, data"
"Dataset for paper ""Sharing emotions at scale: The Vent dataset""",https://doi.org/10.5281/zenodo.2537838,CC-BY-4.0,454,1059,701,1,"dataset, data"
OpenBiblioJobs Export 2012-2016,https://doi.org/10.5281/zenodo.322783,CC-BY-4.0,451,530,72,5,"open, data"
Documentazione consolidata VIG2/2019 - parte 1/3 - Linee Guida,https://doi.org/10.5281/zenodo.3233444,CC-BY-4.0,446,669,546,3,"luna16, tomcat"
"WikiLinkGraphs: A complete, longitudinal and multilanguage dataset of the Wikipedia link networks",https://doi.org/10.5281/zenodo.2539424,CC-BY-4.0,445,3886,1184,10,"corpus, dataset"
Youtube cookery channels viewers comments in Hinglish,https://doi.org/10.5281/zenodo.2841848,ODC-By-1.0,441,557,192,10,"corpus, dataset"
EEG and audio dataset for auditory attention decoding,https://doi.org/10.5281/zenodo.1199011,CC-BY-NC-4.0,439,859,1889,7,"dataset, tut"
A dataset of completeness of radiosonde humidity observations based on the IGRA,https://doi.org/10.5281/zenodo.1332686,CC-BY-4.0,436,570,691,4,"data, time"
Numbers and shares of Open Access Journals from all disciplines and from the discipline Sociology using Creative Commons Licenses as listed by the Directory of Open Access Journals (2014-06-08),https://doi.org/10.5281/zenodo.10577,CC-BY-SA-4.0,435,602,250,5,"open, data"
Red Wings Game Dataset,https://doi.org/10.5281/zenodo.2670056,CC-BY-4.0,433,688,91,1,"dataset, data"
GridKit: European and North-American extracts,https://doi.org/10.5281/zenodo.47317,ODbL-1.0,433,533,1672,0,"data, social"
Jeu Open Strategist,https://doi.org/10.5281/zenodo.1409792,CC-BY-NC-4.0,432,461,2287,5,"open, data"
Mapping Jewish Communities of the Byzantine Empire,https://doi.org/10.5281/zenodo.1116960,CC-BY-4.0,430,491,141,0,"data, social"
#paris #Bataclan #parisattacks #porteouverte tweets,https://doi.org/10.5281/zenodo.55894,CC-BY-4.0,428,479,26,10,"corpus, dataset"
Churn prediction (rawdata),https://doi.org/10.5281/zenodo.166035,CC-BY-4.0,428,569,415,1,"dataset, data"
Ground truth recordings for validation of spike sorting algorithms,https://doi.org/10.5281/zenodo.1205233,CC-BY-4.0,428,1232,1948,4,"data, time"
Open access database of raw ultrasonic signals acquired from malignant and benign breast lesions,https://doi.org/10.5281/zenodo.545928,CC-BY-NC-4.0,425,851,1368,2,"images, data"
Extract Article Numbers by Publisher from ZORA,https://doi.org/10.5281/zenodo.44819,CC0-1.0,425,432,26,5,"open, data"
"DCASE 2018, Task 5: Monitoring of domestic activities based on multi-channel acoustics - Evaluation dataset",https://doi.org/10.5281/zenodo.1964758,CC-BY-NC-ND-4.0,425,5302,451,7,"dataset, tut"
Tomcat,https://doi.org/10.5281/zenodo.268471,CC-BY-4.0,424,439,59,3,"luna16, tomcat"
The landscape of open access in Africa,https://doi.org/10.5281/zenodo.1409952,CC-BY-4.0,422,467,328,5,"open, data"
Example datasets for the Flye assembler,https://doi.org/10.5281/zenodo.1172816,CC-BY-4.0,421,541,46,1,"dataset, data"
Relatórios de produção científica de docentes dos cursos de graduação em física médica do Brasil,https://doi.org/10.5281/zenodo.2533089,CC-BY-4.0,421,1137,71,11,"database, methylseq_2017"
"Landslides from Space - Nuugaatsiaq: landslide-induced tsunami, Greenland (17th June 2017)",https://doi.org/10.5281/zenodo.820919,CC-BY-4.0,420,805,71,6,"landslides, landslides space"
SILVA v128 and v132 dada2 formatted 18s 'train sets',https://doi.org/10.5281/zenodo.1447330,CC-BY-NC-4.0,420,525,1166,8,"model files, files"
Lymphocyte Assessment Hackathon (LYSTO),https://doi.org/10.5281/zenodo.3513571,CC-BY-4.0,419,2451,239,2,"images, data"
Word Embeddings for the Software Engineering Domain,https://doi.org/10.5281/zenodo.1199620,CC-BY-4.0,419,844,889,10,"corpus, dataset"
Cross-correlations and symmetries in genetic sequences,https://doi.org/10.5281/zenodo.1001805,CC-BY-4.0,417,449,83,0,"data, social"
CD44 / CCP4 tutorial dataset,https://doi.org/10.5281/zenodo.55993,CC0-1.0,415,597,827,1,"dataset, data"
Training data for 'Reference based RADSeq ' tutorial (Galaxy Training Material),https://doi.org/10.5281/zenodo.1134547,CC-BY-4.0,411,833,7747,9,"training, data"
Training material for small RNA-seq data analysis (Galaxy Training Network tutorial),https://doi.org/10.5281/zenodo.826906,CC-BY-4.0,411,2156,7899,9,"training, data"
The SICK (Sentences Involving Compositional Knowledge) dataset for relatedness and entailment,https://doi.org/10.5281/zenodo.2787612,CC-BY-NC-SA-3.0,410,648,1718,10,"corpus, dataset"
OpenAIRE LOD Dump,https://doi.org/10.5281/zenodo.2352439,CC0-1.0,408,3037,674,5,"open, data"
Co-crystal structures of USP5 Zf-UBD and weak binding compounds,https://doi.org/10.5281/zenodo.1313723,CC-BY-4.0,406,592,1220,8,"model files, files"
The open D1NAMO dataset: A multi-modal dataset for research on non-invasive type 1 diabetes management,https://doi.org/10.5281/zenodo.1421616,CC-BY-SA-4.0,404,852,898,1,"dataset, data"
globalbioticinteractions/template-dataset: More examples and mappings.,https://doi.org/10.5281/zenodo.1436853,other-open,398,445,105,1,"dataset, data"
#brexit tweets collected from the 5th of May to the 24th August 2016,https://doi.org/10.5281/zenodo.263584,CC-BY-4.0,395,741,774,10,"corpus, dataset"
FEED Archive,https://doi.org/10.5281/zenodo.1229320,CC-BY-4.0,394,7385,93,0,"data, social"
Supporting data for Open government data for regulation of energy resources in India,https://doi.org/10.5281/zenodo.11353,CC-BY-4.0,393,408,129,5,"open, data"
Upper limb movements can be decoded from the time-domain of low-frequency EEG,https://doi.org/10.5281/zenodo.834976,CC-BY-4.0,391,7514,337,4,"data, time"
Synthetically Spoken COCO,https://doi.org/10.5281/zenodo.400926,CC-BY-4.0,391,431,192,10,"corpus, dataset"
"Landslides from Space - Hpakan Jade Mine Landslides, Myanmar (January 2016)",https://doi.org/10.5281/zenodo.820562,CC-BY-4.0,391,755,25,6,"landslides, landslides space"
OpenMIC-2018,https://doi.org/10.5281/zenodo.1432913,CC-BY-4.0,390,464,1878,3,"luna16, tomcat"
People in Social Context (PISC) Dataset,https://doi.org/10.5281/zenodo.1059155,CC-BY-4.0,389,1619,756,1,"dataset, data"
Excel mapping tools for 2018 zoonoses data reporting,https://doi.org/10.5281/zenodo.2549663,CC-BY-4.0,385,850,526,0,"data, social"
HyRANK Hyperspectral Satellite Dataset I,https://doi.org/10.5281/zenodo.1222202,CC-BY-4.0,384,1371,495,4,"data, time"
Jeu Super Open Researcher,https://doi.org/10.5281/zenodo.1409702,CC-BY-NC-4.0,383,450,1674,5,"open, data"
SSD2 tools for Chemical Contaminants Occurrence Data,https://doi.org/10.5281/zenodo.3339346,CC-BY-4.0,382,641,566,11,"database, methylseq_2017"
"Long-term MODIS LST day-time and night-time temperatures, sd and differences at 1 km based on the 2000–2017 time series",https://doi.org/10.5281/zenodo.1435938,CC-BY-SA-4.0,381,7920,554,4,"data, time"
Related Change Sets and Regression,https://doi.org/10.5281/zenodo.49187,CC0-1.0,379,401,17,1,"dataset, data"
City scale particulate matter monitoring using LoRaWAN based air quality IoT devices,https://doi.org/10.5281/zenodo.1698621,CC-BY-4.0,375,473,305,4,"data, time"
Rohdaten NAWA Spez 2017,https://doi.org/10.25678/0000gg,CC0-1.0,375,588,702,3,"luna16, tomcat"
Dataset for ICDAR2017 Competition on Handwritten Text Recognition on the READ Dataset (ICDAR2017 HTR),https://doi.org/10.5281/zenodo.835489,CC-BY-4.0,374,1064,1048,1,"dataset, data"
"Vagrant Lives: 14,789 Vagrants Processed by Middlesex County, 1777-1786",https://doi.org/10.5281/zenodo.13103,CC-BY-4.0,372,406,367,3,"luna16, tomcat"
URBAN-SED,https://doi.org/10.5281/zenodo.1324404,CC-BY-4.0,372,997,97,10,"corpus, dataset"
Shadow Detection/Texture Segmentation Computer Vision Dataset,https://doi.org/10.5281/zenodo.59019,CC0-1.0,371,589,2907,1,"dataset, data"
Systematic PSI processing over Santorini volcano: the 2015 post unrest period,https://doi.org/10.5281/zenodo.833722,CC-BY-4.0,370,735,30,6,"landslides, landslides space"
Spanish 3B words Word2Vec Embeddings,https://doi.org/10.5281/zenodo.1410403,CC-BY-SA-4.0,368,595,649,10,"corpus, dataset"
ASV Tables inferred by DADA2 from the TARA Oceans v9 metabarcoding dataset,https://doi.org/10.5281/zenodo.581694,CC-BY-4.0,364,720,631,0,"data, social"
Training data for 'From peaks to gene' tutorial (Galaxy Training Material),https://doi.org/10.5281/zenodo.1025586,CC-BY-4.0,364,488,8016,9,"training, data"
Underwater Images,https://doi.org/10.5281/zenodo.2542305,CC-BY-4.0,362,2161,217,3,"luna16, tomcat"
Datensatz zu: Fachgesellschaften und Open Access in Deutschland – eine Analyse zur Herausgabe von Zeitschriften,https://doi.org/10.5281/zenodo.3406355,CC0-1.0,361,705,552,5,"open, data"
Social media data from online discourse on Nigeria's budget,https://doi.org/10.5281/zenodo.11513,CC-BY-4.0,359,374,18,10,"corpus, dataset"
Training data for 'Somatic variant calling' tutorial (Galaxy Training Material),https://doi.org/10.5281/zenodo.2582555,CC-BY-4.0,359,1084,5080,9,"training, data"
MechRNA: prediction of lncRNA mechanisms from RNA-RNA and RNA-protein interactions,https://doi.org/10.5281/zenodo.1115534,CC-BY-4.0,359,909,308,3,"luna16, tomcat"
Raw diffraction images of a crystal of thermolysin solved by SAD from data collected by Direct Data Collection (DDC) using the ESRF RoboDiff goniometer,https://doi.org/10.5281/zenodo.50836,CC0-1.0,355,359,14,8,"model files, files"
"Landslides from Space - Aranayake Landslide, Sri Lanka (17th May 2016)",https://doi.org/10.5281/zenodo.820751,CC-BY-4.0,354,707,116,6,"landslides, landslides space"
Transfer of bacteriophages between the fingers of volunteers and water or saliva,https://doi.org/10.25678/000099,CC0-1.0,354,549,1049,11,"database, methylseq_2017"
URSO: Unreal Rendered Spacecrafts On-Orbit Datasets,https://doi.org/10.5281/zenodo.3279632,CC-BY-4.0,351,2115,438,1,"dataset, data"
Dataset for: Multivascular networks and functional intravascular topologies within biocompatible hydrogels,https://doi.org/10.5281/zenodo.2614071,CC-BY-NC-SA-4.0,351,986,1348,2,"images, data"
Biodiversity Hotspots (version 2016.1),https://doi.org/10.5281/zenodo.3261807,CC-BY-SA-4.0,348,388,1395,0,"data, social"
MicrobiomeHD: the human gut microbiome in health and disease,https://doi.org/10.5281/zenodo.1146764,CC-BY-NC-4.0,347,1999,1788,11,"database, methylseq_2017"
PatchCamelyon (PCam),https://doi.org/10.5281/zenodo.1494286,MIT,347,1027,412,3,"luna16, tomcat"
Non-Homeric hexameter,https://doi.org/10.5281/zenodo.437896,CC-BY-4.0,346,367,71,4,"data, time"
"Landslides from Space - Bento Rodrigues Dam Failure, Brazil (5th November 2015)",https://doi.org/10.5281/zenodo.820537,CC-BY-4.0,345,713,63,6,"landslides, landslides space"
Bioinformatic Jobs,https://doi.org/10.5281/zenodo.50151,CC0-1.0,345,359,36,2,"images, data"
Spectra from the SIMP Survey,https://doi.org/10.5281/zenodo.58501,CC0-1.0,344,2902,45,4,"data, time"
"Landslides from Space - Tonzang Landslide, Myanmar (July 2015)",https://doi.org/10.5281/zenodo.820535,CC-BY-4.0,344,703,31,6,"landslides, landslides space"
"Data files and electromagnetic simulation software used in the paper ""Radar evidence of subglacial liquid water on Mars"" By Orosei et al. (2018)",https://doi.org/10.5281/zenodo.1285179,CC-BY-4.0,341,3611,1057,4,"data, time"
Multi-parmetric MRI prostate images,https://doi.org/10.5281/zenodo.162228,CC-BY-4.0,340,1089,899,2,"images, data"
A Corpus of Publicly Available Simulink Models for Model-based Empirical Studies,https://doi.org/10.5281/zenodo.1288778,CC-BY-4.0,339,418,166,5,"open, data"
GNMT inference dataset,https://doi.org/10.5281/zenodo.3437893,Apache-2.0,339,433,20,1,"dataset, data"
Oxidation of thin films at the air-water interface of atmospheric aerosol,https://doi.org/10.5281/zenodo.496171,CC-BY-4.0,337,1632,57,4,"data, time"
globalbioticinteractions/Catalogue-of-Afrotropical-Bees: prepare for publication to zenodo,https://doi.org/10.5281/zenodo.229519,other-open,336,380,16,0,"data, social"
"Global DEM derivatives at 250 m, 1 km and 2 km based on the MERIT DEM",https://doi.org/10.5281/zenodo.1447210,CC-BY-SA-4.0,336,1432,849,4,"data, time"
Open access in Africa: scopus citation data,https://doi.org/10.5281/zenodo.1144077,CC-BY-4.0,334,355,53,5,"open, data"
Hiedelemszövegek Székelyföldről,https://doi.org/10.5281/zenodo.53843,CC0-1.0,334,364,6,3,"luna16, tomcat"
GT4HistOCR: Ground Truth for training OCR engines on historical documents in German Fraktur and Early Modern Latin,https://doi.org/10.5281/zenodo.1344132,CC-BY-4.0,333,461,1472,10,"corpus, dataset"
ufo-reports,https://doi.org/10.5281/zenodo.1205624,CC-BY-4.0,332,400,63,0,"data, social"
MediaEval AcousticBrainz Genre,https://doi.org/10.5281/zenodo.2553414,CC-BY-NC-SA-4.0,332,2284,478,7,"dataset, tut"
"AA5086 tensile tests with Portevin-Le Chatelier (PLC) effect, complete raw dataset: DIC images, raw output and elements of post-processing",https://doi.org/10.5281/zenodo.1312836,CC-BY-4.0,332,688,724,4,"data, time"
Landslides from Space - Amyntaio Lignite Coal Mine Landslide (10th June 2017),https://doi.org/10.5281/zenodo.821031,CC-BY-4.0,331,704,45,6,"landslides, landslides space"
Lexicon,https://doi.org/10.5281/zenodo.30989,CC0-1.0,330,360,36,10,"corpus, dataset"
"Landslides from Space - Glacier Bay Landslide, Alaska USA (28th June 2016)",https://doi.org/10.5281/zenodo.820753,CC-BY-4.0,329,689,29,6,"landslides, landslides space"
MMETSP re-assemblies,https://doi.org/10.5281/zenodo.1212585,CC-BY-4.0,328,15834,1024,8,"model files, files"
"Landslides from Space - Kumamoto Earthquake-triggered landslide, Japan (15th April 2016)",https://doi.org/10.5281/zenodo.820586,CC-BY-4.0,328,674,27,6,"landslides, landslides space"
ROARMAP Open Access Policy data,https://doi.org/10.5281/zenodo.29257,CC0-1.0,328,347,44,5,"open, data"
RAVDESS Facial Landmark Tracking,https://doi.org/10.5281/zenodo.3255102,CC-BY-NC-SA-4.0,328,1185,1695,3,"luna16, tomcat"
Systematic PSI processing over Santorini volcano: the 2012-2013 post unrest period,https://doi.org/10.5281/zenodo.809837,CC-BY-4.0,326,363,42,6,"landslides, landslides space"
Mridangam Stroke Dataset,https://doi.org/10.5281/zenodo.1265188,CC-BY-NC-4.0,326,448,391,1,"dataset, data"
Data on Direct-to-Consumer Genetic Testing and DNA testing companies,https://doi.org/10.5281/zenodo.1183565,CC-BY-4.0,326,359,255,0,"data, social"
Feedback on the draft implementation guidance of Plan S,https://doi.org/10.5281/zenodo.3254637,CC-BY-4.0,326,2646,451,5,"open, data"
"database of Chemicals associated with Plastic Packaging (CPPdb), updated Oct 9, 2018",https://doi.org/10.5281/zenodo.1287773,CC-BY-NC-4.0,325,341,1314,11,"database, methylseq_2017"
globalbioticinteractions/AfricaTreeDatabase: prepare for publication to zenodo,https://doi.org/10.5281/zenodo.229547,other-open,324,327,15,11,"database, methylseq_2017"
"TUT Sound events 2016, Evaluation dataset",https://doi.org/10.5281/zenodo.996424,other-nc,324,942,470,7,"dataset, tut"
globalbioticinteractions/dunne2016SanakNearshore: prepare for publication to zenodo,https://doi.org/10.5281/zenodo.229522,other-open,322,332,2,11,"database, methylseq_2017"
"Landslides from Space - Kakanj Mine Waste Landslide, Bosnia (24th February 2017)",https://doi.org/10.5281/zenodo.820841,CC-BY-4.0,322,688,28,6,"landslides, landslides space"
"RPP- Statistika penyebaran data (mean, median, modus)",https://doi.org/10.5281/zenodo.59694,CC0-1.0,322,344,403,4,"data, time"
"Landslides from Space - Qamea Island Landslides, Fiji (18th December 2016)",https://doi.org/10.5281/zenodo.820783,CC-BY-4.0,322,677,26,6,"landslides, landslides space"
GuitarSet,https://doi.org/10.5281/zenodo.3371780,CC-BY-4.0,322,773,571,3,"luna16, tomcat"
Dataset of B-mode fatty liver ultrasound images,https://doi.org/10.5281/zenodo.1009146,CC-BY-4.0,321,403,1297,2,"images, data"
Cone-Beam X-Ray CT Data Collection Designed for Machine Learning: Samples 9-16,https://doi.org/10.5281/zenodo.2686971,CC-BY-4.0,321,3810,211,2,"images, data"
jhammock/Layman-and-Allgeier-Lionfish 1.0,https://doi.org/10.5281/zenodo.232498,other-open,320,336,9,3,"luna16, tomcat"
Maize whole plant image dataset,https://doi.org/10.5281/zenodo.1002675,CC-BY-4.0,320,1772,691,0,"data, social"
"Landslides from Space - Koshe Garbage Landslide, Ethiopia  (11th March 2017)",https://doi.org/10.5281/zenodo.820858,CC-BY-4.0,320,666,42,6,"landslides, landslides space"
ICDAR 2015 Competition HTRtS: Handwritten Text Recognition on the tranScriptorium Dataset,https://doi.org/10.5281/zenodo.248733,CC-BY-4.0,318,1958,786,1,"dataset, data"
Systematic PSI processing over Santorini volcano: the 2012-2016 post unrest period,https://doi.org/10.5281/zenodo.834173,CC-BY-4.0,318,698,74,6,"landslides, landslides space"
Deformed Iron EBSD data set,https://doi.org/10.5281/zenodo.1214829,CC-BY-SA-4.0,318,442,457,1,"dataset, data"
COHERENT Collaboration data release from the first observation of coherent elastic neutrino-nucleus scattering,https://doi.org/10.5281/zenodo.1228631,CC-BY-4.0,318,586,585,4,"data, time"
"GEODAR data of snow avalanches at Vallée de la Sionne: Seasons 2010/11, 2011/12, 2012/13 & 2014/15 [Data set]",https://doi.org/10.5281/zenodo.1042108,CC-BY-4.0,317,1751,703,6,"landslides, landslides space"
Landslides from Space - Volcan Landslide (10th January 2017),https://doi.org/10.5281/zenodo.820819,CC-BY-4.0,316,672,17,6,"landslides, landslides space"
globalbioticinteractions/dunne2016SanakIntertidal: prepare for publication to zenodo,https://doi.org/10.5281/zenodo.229521,other-open,316,322,3,11,"database, methylseq_2017"
"Landslides from Space - Mocoa Debris Flow,  Columbia (1st April 2017)",https://doi.org/10.5281/zenodo.820862,CC-BY-4.0,315,660,19,6,"landslides, landslides space"
